codigoCompeticion,nombreCompeticion,nombreCategoria,nombreDeporte,nombreTemporada,sistemaCompeticion
8947,46_JUEGOS_DEPORTIVOS_MUNICIPALES,SENIOR_MASCULINO,futsal,2025/2026,LIGA
8940,46_JUEGOS_DEPORTIVOS_MUNICIPALES,CADETE_MASCULINO,futsal,2025/2026,LIGA
8947,46_JUEGOS_DEPORTIVOS_MUNICIPALES,INFANTIL_MASCULINO,futsal,2025/2026,LIGA
8938,46_JUEGOS_DEPORTIVOS_MUNICIPALES,ALEVIN_MIXTO,futsal,2025/2026,LIGA
8938,46_JUEGOS_DEPORTIVOS_MUNICIPALES,BENJAMIN_MIXTO,futsal,2025/2026,LIGA
8957,46_JUEGOS_DEPORTIVOS_MUNICIPALES,INFANTIL_MASCULINO,futsal,2025/2026,LIGA
8945,46_JUEGOS_DEPORTIVOS_MUNICIPALES,SENIOR_MASCULINO,futsal,2025/2026,LIGA
8949,46_JUEGOS_DEPORTIVOS_MUNICIPALES,CADETE_MASCULINO,futsal,2025/2026,LIGA
8949,46_JUEGOS_DEPORTIVOS_MUNICIPALES,SENIOR_MASCULINO,futsal,2025/2026,LIGA
8949,46_JUEGOS_DEPORTIVOS_MUNICIPALES,JUVENIL_MASCULINO,futsal,2025/2026,LIGA
8949,46_JUEGOS_DEPORTIVOS_MUNICIPALES,ALEVIN_MIXTO,futsal,2025/2026,LIGA
8949,46_JUEGOS_DEPORTIVOS_MUNICIPALES,INFANTIL_MASCULINO,futsal,2025/2026,LIGA
8957,46_JUEGOS_DEPORTIVOS_MUNICIPALES,BENJAMIN_MIXTO,futsal,2025/2026,LIGA
8951,46_JUEGOS_DEPORTIVOS_MUNICIPALES,INFANTIL_FEMENINO,futsal,2025/2026,LIGA
8938,46_JUEGOS_DEPORTIVOS_MUNICIPALES,JUVENIL_MASCULINO,futsal,2025/2026,LIGA
8957,46_JUEGOS_DEPORTIVOS_MUNICIPALES,ALEVIN_MIXTO,futsal,2025/2026,LIGA
8957,46_JUEGOS_DEPORTIVOS_MUNICIPALES,CADETE_MASCULINO,futsal,2025/2026,LIGA
8957,46_JUEGOS_DEPORTIVOS_MUNICIPALES,SENIOR_MASCULINO,futsal,2025/2026,LIGA
8941,46_JUEGOS_DEPORTIVOS_MUNICIPALES,ALEVIN_MIXTO,handball,2025/2026,LIGA
8947,46_JUEGOS_DEPORTIVOS_MUNICIPALES,SENIOR_MASCULINO,basketball,2025/2026,LIGA
8947,46_JUEGOS_DEPORTIVOS_MUNICIPALES,PREBENJAMIN_MIXTO,MINIBALONCESTO,2025/2026,LIGA
8947,46_JUEGOS_DEPORTIVOS_MUNICIPALES,SENIOR_FEMENINO,basketball,2025/2026,LIGA
8947,46_JUEGOS_DEPORTIVOS_MUNICIPALES,BENJAMIN_MIXTO,MINIBALONCESTO,2025/2026,LIGA
8947,46_JUEGOS_DEPORTIVOS_MUNICIPALES,ALEVIN_MIXTO,MINIBALONCESTO,2025/2026,LIGA
8947,46_JUEGOS_DEPORTIVOS_MUNICIPALES,JUVENIL_MASCULINO,basketball,2025/2026,LIGA
8947,46_JUEGOS_DEPORTIVOS_MUNICIPALES,INFANTIL_FEMENINO,basketball,2025/2026,LIGA
8947,46_JUEGOS_DEPORTIVOS_MUNICIPALES,SENIOR_MASCULINO,seven-a-side_football,2025/2026,LIGA
8938,46_JUEGOS_DEPORTIVOS_MUNICIPALES,INFANTIL_MIXTO,VOLEIBOL,2025/2026,LIGA
8938,46_JUEGOS_DEPORTIVOS_MUNICIPALES,CADETE_FEMENINO,VOLEIBOL,2025/2026,LIGA
8956,46_JUEGOS_DEPORTIVOS_MUNICIPALES,SENIOR_MASCULINO,futsal,2025/2026,LIGA
8948,46_JUEGOS_DEPORTIVOS_MUNICIPALES,ALEVIN_MIXTO,MINIBALONCESTO,2025/2026,LIGA
8948,46_JUEGOS_DEPORTIVOS_MUNICIPALES,BENJAMIN_MIXTO,MINIBALONCESTO,2025/2026,LIGA
8950,46_JUEGOS_DEPORTIVOS_MUNICIPALES,ALEVIN_MIXTO,seven-a-side_football,2025/2026,LIGA
8950,46_JUEGOS_DEPORTIVOS_MUNICIPALES,SENIOR_MASCULINO,seven-a-side_football,2025/2026,LIGA
8950,46_JUEGOS_DEPORTIVOS_MUNICIPALES,PREBENJAMIN_MIXTO,seven-a-side_football,2025/2026,LIGA
8950,46_JUEGOS_DEPORTIVOS_MUNICIPALES,INFANTIL_MASCULINO,seven-a-side_football,2025/2026,LIGA
8950,46_JUEGOS_DEPORTIVOS_MUNICIPALES,BENJAMIN_MIXTO,seven-a-side_football,2025/2026,LIGA
8979,46_JUEGOS_DEPORTIVOS_MUNICIPALES,CADETE_MASCULINO,basketball,2025/2026,LIGA
8979,46_JUEGOS_DEPORTIVOS_MUNICIPALES,SENIOR_MASCULINO,basketball,2025/2026,LIGA
8979,46_JUEGOS_DEPORTIVOS_MUNICIPALES,JUVENIL_MASCULINO,basketball,2025/2026,LIGA
8979,46_JUEGOS_DEPORTIVOS_MUNICIPALES,INFANTIL_MASCULINO,basketball,2025/2026,LIGA
8979,46_JUEGOS_DEPORTIVOS_MUNICIPALES,SENIOR_MASCULINO,seven-a-side_football,2025/2026,LIGA
8979,46_JUEGOS_DEPORTIVOS_MUNICIPALES,ALEVIN_MIXTO,seven-a-side_football,2025/2026,LIGA
8952,46_JUEGOS_DEPORTIVOS_MUNICIPALES,PREBENJAMIN_MIXTO,futsal,2025/2026,LIGA
8952,46_JUEGOS_DEPORTIVOS_MUNICIPALES,SENIOR_MASCULINO,futsal,2025/2026,LIGA
8944,46_JUEGOS_DEPORTIVOS_MUNICIPALES,CADETE_MASCULINO,futsal,2025/2026,LIGA
8952,46_JUEGOS_DEPORTIVOS_MUNICIPALES,CADETE_MASCULINO,futsal,2025/2026,LIGA
8952,46_JUEGOS_DEPORTIVOS_MUNICIPALES,INFANTIL_MASCULINO,futsal,2025/2026,LIGA
8952,46_JUEGOS_DEPORTIVOS_MUNICIPALES,BENJAMIN_MIXTO,futsal,2025/2026,LIGA
8952,46_JUEGOS_DEPORTIVOS_MUNICIPALES,ALEVIN_MIXTO,futsal,2025/2026,LIGA
8947,46_JUEGOS_DEPORTIVOS_MUNICIPALES,PREBENJAMIN_MIXTO,futsal,2025/2026,LIGA
8979,46_JUEGOS_DEPORTIVOS_MUNICIPALES,ALEVIN_MIXTO,MINIBALONCESTO,2025/2026,LIGA
8979,46_JUEGOS_DEPORTIVOS_MUNICIPALES,BENJAMIN_MIXTO,MINIBALONCESTO,2025/2026,LIGA
8979,46_JUEGOS_DEPORTIVOS_MUNICIPALES,ALEVIN_FEMENINO,MINIBALONCESTO,2025/2026,LIGA
8940,46_JUEGOS_DEPORTIVOS_MUNICIPALES,SENIOR_MASCULINO,basketball,2025/2026,LIGA
8951,46_JUEGOS_DEPORTIVOS_MUNICIPALES,SENIOR_MIXTO,VOLEIBOL,2025/2026,LIGA
8947,46_JUEGOS_DEPORTIVOS_MUNICIPALES,CADETE_MASCULINO,basketball,2025/2026,LIGA
8947,46_JUEGOS_DEPORTIVOS_MUNICIPALES,CADETE_FEMENINO,basketball,2025/2026,LIGA
8947,46_JUEGOS_DEPORTIVOS_MUNICIPALES,INFANTIL_MASCULINO,basketball,2025/2026,LIGA
8940,46_JUEGOS_DEPORTIVOS_MUNICIPALES,PREBENJAMIN_MIXTO,seven-a-side_football,2025/2026,LIGA
8940,46_JUEGOS_DEPORTIVOS_MUNICIPALES,INFANTIL_MASCULINO,seven-a-side_football,2025/2026,LIGA
8940,46_JUEGOS_DEPORTIVOS_MUNICIPALES,BENJAMIN_MIXTO,seven-a-side_football,2025/2026,LIGA
8940,46_JUEGOS_DEPORTIVOS_MUNICIPALES,ALEVIN_MIXTO,seven-a-side_football,2025/2026,LIGA
8941,46_JUEGOS_DEPORTIVOS_MUNICIPALES,BENJAMIN_MIXTO,handball,2025/2026,LIGA
8942,46_JUEGOS_DEPORTIVOS_MUNICIPALES,BENJAMIN_MIXTO,futsal,2025/2026,LIGA
8942,46_JUEGOS_DEPORTIVOS_MUNICIPALES,JUVENIL_MASCULINO,futsal,2025/2026,LIGA
8942,46_JUEGOS_DEPORTIVOS_MUNICIPALES,PREBENJAMIN_MIXTO,futsal,2025/2026,LIGA
8942,46_JUEGOS_DEPORTIVOS_MUNICIPALES,INFANTIL_MASCULINO,futsal,2025/2026,LIGA
8942,46_JUEGOS_DEPORTIVOS_MUNICIPALES,ALEVIN_MIXTO,futsal,2025/2026,LIGA
8942,46_JUEGOS_DEPORTIVOS_MUNICIPALES,ALEVIN_MIXTO,VOLEIBOL,2025/2026,LIGA
8942,46_JUEGOS_DEPORTIVOS_MUNICIPALES,BENJAMIN_MIXTO,MINIBALONCESTO,2025/2026,LIGA
8942,46_JUEGOS_DEPORTIVOS_MUNICIPALES,ALEVIN_MIXTO,MINIBALONCESTO,2025/2026,LIGA
8942,46_JUEGOS_DEPORTIVOS_MUNICIPALES,INFANTIL_FEMENINO,VOLEIBOL,2025/2026,LIGA
8942,46_JUEGOS_DEPORTIVOS_MUNICIPALES,CADETE_FEMENINO,VOLEIBOL,2025/2026,LIGA
8942,46_JUEGOS_DEPORTIVOS_MUNICIPALES,SENIOR_MASCULINO,futsal,2025/2026,LIGA
8952,46_JUEGOS_DEPORTIVOS_MUNICIPALES,ALEVIN_MIXTO,VOLEIBOL,2025/2026,LIGA
8979,46_JUEGOS_DEPORTIVOS_MUNICIPALES,JUVENIL_FEMENINO,VOLEIBOL,2025/2026,LIGA
8952,46_JUEGOS_DEPORTIVOS_MUNICIPALES,INFANTIL_FEMENINO,VOLEIBOL,2025/2026,LIGA
8952,46_JUEGOS_DEPORTIVOS_MUNICIPALES,CADETE_FEMENINO,VOLEIBOL,2025/2026,LIGA
8946,46_JUEGOS_DEPORTIVOS_MUNICIPALES,BENJAMIN_MIXTO,futsal,2025/2026,LIGA
8939,46_JUEGOS_DEPORTIVOS_MUNICIPALES,INFANTIL_FEMENINO,futsal,2025/2026,LIGA
8946,46_JUEGOS_DEPORTIVOS_MUNICIPALES,ALEVIN_MIXTO,futsal,2025/2026,LIGA
8945,46_JUEGOS_DEPORTIVOS_MUNICIPALES,SENIOR_MASCULINO,seven-a-side_football,2025/2026,LIGA
8946,46_JUEGOS_DEPORTIVOS_MUNICIPALES,PREBENJAMIN_MIXTO,futsal,2025/2026,LIGA
8946,46_JUEGOS_DEPORTIVOS_MUNICIPALES,PREBENJAMIN_MIXTO,seven-a-side_football,2025/2026,LIGA
8956,46_JUEGOS_DEPORTIVOS_MUNICIPALES,BENJAMIN_MIXTO,indoor_hockey,2025/2026,LIGA
8956,46_JUEGOS_DEPORTIVOS_MUNICIPALES,ALEVIN_MIXTO,indoor_hockey,2025/2026,LIGA
8952,46_JUEGOS_DEPORTIVOS_MUNICIPALES,JUVENIL_MASCULINO,futsal,2025/2026,LIGA
8953,46_JUEGOS_DEPORTIVOS_MUNICIPALES,ALEVIN_MIXTO,futsal,2025/2026,LIGA
8953,46_JUEGOS_DEPORTIVOS_MUNICIPALES,BENJAMIN_MIXTO,futsal,2025/2026,LIGA
8953,46_JUEGOS_DEPORTIVOS_MUNICIPALES,INFANTIL_MASCULINO,futsal,2025/2026,LIGA
8953,46_JUEGOS_DEPORTIVOS_MUNICIPALES,CADETE_MASCULINO,futsal,2025/2026,LIGA
8949,46_JUEGOS_DEPORTIVOS_MUNICIPALES,PREBENJAMIN_MIXTO,MINIBALONCESTO,2025/2026,LIGA
8944,46_JUEGOS_DEPORTIVOS_MUNICIPALES,SENIOR_MASCULINO,seven-a-side_football,2025/2026,LIGA
8943,46_JUEGOS_DEPORTIVOS_MUNICIPALES,SENIOR_MASCULINO,basketball,2025/2026,LIGA
8943,46_JUEGOS_DEPORTIVOS_MUNICIPALES,SENIOR_FEMENINO,basketball,2025/2026,LIGA
8942,46_JUEGOS_DEPORTIVOS_MUNICIPALES,JUVENIL_FEMENINO,VOLEIBOL,2025/2026,LIGA
8946,46_JUEGOS_DEPORTIVOS_MUNICIPALES,INFANTIL_FEMENINO,seven-a-side_football,2025/2026,LIGA
8955,46_JUEGOS_DEPORTIVOS_MUNICIPALES,JUVENIL_MASCULINO,FUTBOL_11,2025/2026,LIGA
8956,46_JUEGOS_DEPORTIVOS_MUNICIPALES,PREBENJAMIN_MIXTO,futsal,2025/2026,LIGA
8939,46_JUEGOS_DEPORTIVOS_MUNICIPALES,PREBENJAMIN_MIXTO,MINIBALONCESTO,2025/2026,LIGA
8939,46_JUEGOS_DEPORTIVOS_MUNICIPALES,INFANTIL_MASCULINO,basketball,2025/2026,LIGA
8939,46_JUEGOS_DEPORTIVOS_MUNICIPALES,ALEVIN_MIXTO,MINIBALONCESTO,2025/2026,LIGA
8947,46_JUEGOS_DEPORTIVOS_MUNICIPALES,JUVENIL_FEMENINO,basketball,2025/2026,LIGA
8939,46_JUEGOS_DEPORTIVOS_MUNICIPALES,SENIOR_MASCULINO,seven-a-side_football,2025/2026,LIGA
8979,46_JUEGOS_DEPORTIVOS_MUNICIPALES,CADETE_FEMENINO,VOLEIBOL,2025/2026,LIGA
8979,46_JUEGOS_DEPORTIVOS_MUNICIPALES,INFANTIL_FEMENINO,VOLEIBOL,2025/2026,LIGA
8946,46_JUEGOS_DEPORTIVOS_MUNICIPALES,PREBENJAMIN_MIXTO,MINIBALONCESTO,2025/2026,LIGA
8946,46_JUEGOS_DEPORTIVOS_MUNICIPALES,ALEVIN_MIXTO,MINIBALONCESTO,2025/2026,LIGA
8946,46_JUEGOS_DEPORTIVOS_MUNICIPALES,ALEVIN_FEMENINO,MINIBALONCESTO,2025/2026,LIGA
8946,46_JUEGOS_DEPORTIVOS_MUNICIPALES,BENJAMIN_MIXTO,MINIBALONCESTO,2025/2026,LIGA
8946,46_JUEGOS_DEPORTIVOS_MUNICIPALES,INFANTIL_FEMENINO,basketball,2025/2026,LIGA
8948,46_JUEGOS_DEPORTIVOS_MUNICIPALES,INFANTIL_FEMENINO,VOLEIBOL,2025/2026,LIGA
8948,46_JUEGOS_DEPORTIVOS_MUNICIPALES,CADETE_FEMENINO,VOLEIBOL,2025/2026,LIGA
8939,46_JUEGOS_DEPORTIVOS_MUNICIPALES,ALEVIN_MIXTO,futsal,2025/2026,LIGA
8939,46_JUEGOS_DEPORTIVOS_MUNICIPALES,BENJAMIN_MIXTO,futsal,2025/2026,LIGA
8950,46_JUEGOS_DEPORTIVOS_MUNICIPALES,SENIOR_MASCULINO,basketball,2025/2026,LIGA
8950,46_JUEGOS_DEPORTIVOS_MUNICIPALES,SENIOR_FEMENINO,basketball,2025/2026,LIGA
8951,46_JUEGOS_DEPORTIVOS_MUNICIPALES,BENJAMIN_MIXTO,seven-a-side_football,2025/2026,LIGA
8946,46_JUEGOS_DEPORTIVOS_MUNICIPALES,BENJAMIN_MIXTO,seven-a-side_football,2025/2026,LIGA
8946,46_JUEGOS_DEPORTIVOS_MUNICIPALES,ALEVIN_MIXTO,seven-a-side_football,2025/2026,LIGA
8954,46_JUEGOS_DEPORTIVOS_MUNICIPALES,ALEVIN_MIXTO,futsal,2025/2026,LIGA
8954,46_JUEGOS_DEPORTIVOS_MUNICIPALES,PREBENJAMIN_MIXTO,futsal,2025/2026,LIGA
8947,46_JUEGOS_DEPORTIVOS_MUNICIPALES,SENIOR_FEMENINO,VOLEIBOL,2025/2026,LIGA
8948,46_JUEGOS_DEPORTIVOS_MUNICIPALES,CADETE_MASCULINO,basketball,2025/2026,LIGA
8948,46_JUEGOS_DEPORTIVOS_MUNICIPALES,SENIOR_MASCULINO,basketball,2025/2026,LIGA
8951,46_JUEGOS_DEPORTIVOS_MUNICIPALES,INFANTIL_MASCULINO,futsal,2025/2026,LIGA
8951,46_JUEGOS_DEPORTIVOS_MUNICIPALES,CADETE_MASCULINO,futsal,2025/2026,LIGA
8951,46_JUEGOS_DEPORTIVOS_MUNICIPALES,JUVENIL_MASCULINO,futsal,2025/2026,LIGA
8951,46_JUEGOS_DEPORTIVOS_MUNICIPALES,PREBENJAMIN_MIXTO,futsal,2025/2026,LIGA
8951,46_JUEGOS_DEPORTIVOS_MUNICIPALES,ALEVIN_MIXTO,futsal,2025/2026,LIGA
8951,46_JUEGOS_DEPORTIVOS_MUNICIPALES,BENJAMIN_MIXTO,futsal,2025/2026,LIGA
8955,46_JUEGOS_DEPORTIVOS_MUNICIPALES,SENIOR_MASCULINO,seven-a-side_football,2025/2026,LIGA
8939,46_JUEGOS_DEPORTIVOS_MUNICIPALES,SENIOR_MASCULINO,futsal,2025/2026,LIGA
8978,TORNEO_SAN_MIGUEL,ALEVIN_MIXTO,futsal,2025/2026,COPA
8978,TORNEO_SAN_MIGUEL,BENJAMIN_MIXTO,futsal,2025/2026,COPA
8978,TORNEO_SAN_MIGUEL,SENIOR_MASCULINO,futsal,2025/2026,COPA
8945,46_JUEGOS_DEPORTIVOS_MUNICIPALES,ALEVIN_MIXTO,seven-a-side_football,2025/2026,LIGA
8945,46_JUEGOS_DEPORTIVOS_MUNICIPALES,BENJAMIN_MIXTO,seven-a-side_football,2025/2026,LIGA
8945,46_JUEGOS_DEPORTIVOS_MUNICIPALES,PREBENJAMIN_MIXTO,seven-a-side_football,2025/2026,LIGA
8941,46_JUEGOS_DEPORTIVOS_MUNICIPALES,SENIOR_MASCULINO,seven-a-side_football,2025/2026,LIGA
8939,46_JUEGOS_DEPORTIVOS_MUNICIPALES,SENIOR_MASCULINO,basketball,2025/2026,LIGA
8950,46_JUEGOS_DEPORTIVOS_MUNICIPALES,SENIOR_MASCULINO,futsal,2025/2026,LIGA
8950,46_JUEGOS_DEPORTIVOS_MUNICIPALES,BENJAMIN_MIXTO,futsal,2025/2026,LIGA
8946,46_JUEGOS_DEPORTIVOS_MUNICIPALES,CADETE_MASCULINO,seven-a-side_football,2025/2026,LIGA
8946,46_JUEGOS_DEPORTIVOS_MUNICIPALES,INFANTIL_MASCULINO,basketball,2025/2026,LIGA
8944,46_JUEGOS_DEPORTIVOS_MUNICIPALES,BENJAMIN_MIXTO,MINIBALONCESTO,2025/2026,LIGA
8940,46_JUEGOS_DEPORTIVOS_MUNICIPALES,SENIOR_MASCULINO,seven-a-side_football,2025/2026,LIGA
8948,46_JUEGOS_DEPORTIVOS_MUNICIPALES,ALEVIN_MIXTO,rugby_sevens,2025/2026,LIGA
8946,46_JUEGOS_DEPORTIVOS_MUNICIPALES,CADETE_FEMENINO,basketball,2025/2026,LIGA
8946,46_JUEGOS_DEPORTIVOS_MUNICIPALES,CADETE_MASCULINO,basketball,2025/2026,LIGA
8946,46_JUEGOS_DEPORTIVOS_MUNICIPALES,JUVENIL_MASCULINO,basketball,2025/2026,LIGA
8946,46_JUEGOS_DEPORTIVOS_MUNICIPALES,SENIOR_MASCULINO,basketball,2025/2026,LIGA
8944,46_JUEGOS_DEPORTIVOS_MUNICIPALES,BENJAMIN_MIXTO,futsal,2025/2026,LIGA
8944,46_JUEGOS_DEPORTIVOS_MUNICIPALES,ALEVIN_MIXTO,futsal,2025/2026,LIGA
8944,46_JUEGOS_DEPORTIVOS_MUNICIPALES,INFANTIL_MASCULINO,futsal,2025/2026,LIGA
8944,46_JUEGOS_DEPORTIVOS_MUNICIPALES,CADETE_MASCULINO,basketball,2025/2026,LIGA
8944,46_JUEGOS_DEPORTIVOS_MUNICIPALES,SENIOR_MASCULINO,futsal,2025/2026,LIGA
8944,46_JUEGOS_DEPORTIVOS_MUNICIPALES,PREBENJAMIN_MIXTO,futsal,2025/2026,LIGA
8944,46_JUEGOS_DEPORTIVOS_MUNICIPALES,SENIOR_MASCULINO,basketball,2025/2026,LIGA
8942,46_JUEGOS_DEPORTIVOS_MUNICIPALES,CADETE_MASCULINO,futsal,2025/2026,LIGA
8946,46_JUEGOS_DEPORTIVOS_MUNICIPALES,SENIOR_MASCULINO,futsal,2025/2026,LIGA
8951,46_JUEGOS_DEPORTIVOS_MUNICIPALES,ALEVIN_FEMENINO,futsal,2025/2026,LIGA
8949,46_JUEGOS_DEPORTIVOS_MUNICIPALES,BENJAMIN_MIXTO,seven-a-side_football,2025/2026,LIGA
8949,46_JUEGOS_DEPORTIVOS_MUNICIPALES,INFANTIL_MASCULINO,seven-a-side_football,2025/2026,LIGA
8949,46_JUEGOS_DEPORTIVOS_MUNICIPALES,SENIOR_MASCULINO,seven-a-side_football,2025/2026,LIGA
8953,46_JUEGOS_DEPORTIVOS_MUNICIPALES,JUVENIL_MASCULINO,futsal,2025/2026,LIGA
8956,46_JUEGOS_DEPORTIVOS_MUNICIPALES,BENJAMIN_MIXTO,futsal,2025/2026,LIGA
8938,46_JUEGOS_DEPORTIVOS_MUNICIPALES,JUVENIL_FEMENINO,VOLEIBOL,2025/2026,LIGA
8938,46_JUEGOS_DEPORTIVOS_MUNICIPALES,ALEVIN_MIXTO,VOLEIBOL,2025/2026,LIGA
8938,46_JUEGOS_DEPORTIVOS_MUNICIPALES,INFANTIL_FEMENINO,VOLEIBOL,2025/2026,LIGA
8948,46_JUEGOS_DEPORTIVOS_MUNICIPALES,JUVENIL_MIXTO,VOLEIBOL,2025/2026,LIGA
8948,46_JUEGOS_DEPORTIVOS_MUNICIPALES,JUVENIL_FEMENINO,VOLEIBOL,2025/2026,LIGA
8954,46_JUEGOS_DEPORTIVOS_MUNICIPALES,INFANTIL_FEMENINO,basketball,2025/2026,LIGA
8954,46_JUEGOS_DEPORTIVOS_MUNICIPALES,SENIOR_MASCULINO,basketball,2025/2026,LIGA
8954,46_JUEGOS_DEPORTIVOS_MUNICIPALES,SENIOR_FEMENINO,basketball,2025/2026,LIGA
8951,46_JUEGOS_DEPORTIVOS_MUNICIPALES,SENIOR_FEMENINO,futsal,2025/2026,LIGA
8948,46_JUEGOS_DEPORTIVOS_MUNICIPALES,JUVENIL_MASCULINO,basketball,2025/2026,LIGA
8940,46_JUEGOS_DEPORTIVOS_MUNICIPALES,INFANTIL_MASCULINO,futsal,2025/2026,LIGA
8940,46_JUEGOS_DEPORTIVOS_MUNICIPALES,BENJAMIN_MIXTO,futsal,2025/2026,LIGA
8940,46_JUEGOS_DEPORTIVOS_MUNICIPALES,ALEVIN_MIXTO,futsal,2025/2026,LIGA
8948,46_JUEGOS_DEPORTIVOS_MUNICIPALES,ALEVIN_MIXTO,VOLEIBOL,2025/2026,LIGA
8945,46_JUEGOS_DEPORTIVOS_MUNICIPALES,SENIOR_FEMENINO,seven-a-side_football,2025/2026,LIGA
8957,46_JUEGOS_DEPORTIVOS_MUNICIPALES,PREBENJAMIN_MIXTO,futsal,2025/2026,LIGA
8951,46_JUEGOS_DEPORTIVOS_MUNICIPALES,BENJAMIN_MIXTO,MINIBALONCESTO,2025/2026,LIGA
8946,46_JUEGOS_DEPORTIVOS_MUNICIPALES,JUVENIL_MASCULINO,seven-a-side_football,2025/2026,LIGA
8979,46_JUEGOS_DEPORTIVOS_MUNICIPALES,ALEVIN_MIXTO,futsal,2025/2026,LIGA
8979,46_JUEGOS_DEPORTIVOS_MUNICIPALES,SENIOR_FEMENINO,futsal,2025/2026,LIGA
8979,46_JUEGOS_DEPORTIVOS_MUNICIPALES,SENIOR_MASCULINO,futsal,2025/2026,LIGA
8957,46_JUEGOS_DEPORTIVOS_MUNICIPALES,SENIOR_MASCULINO,seven-a-side_football,2025/2026,LIGA
8943,46_JUEGOS_DEPORTIVOS_MUNICIPALES,BENJAMIN_MIXTO,futsal,2025/2026,LIGA
8943,46_JUEGOS_DEPORTIVOS_MUNICIPALES,PREBENJAMIN_MIXTO,futsal,2025/2026,LIGA
8943,46_JUEGOS_DEPORTIVOS_MUNICIPALES,ALEVIN_MIXTO,futsal,2025/2026,LIGA
8938,46_JUEGOS_DEPORTIVOS_MUNICIPALES,SENIOR_MASCULINO,futsal,2025/2026,LIGA
8946,46_JUEGOS_DEPORTIVOS_MUNICIPALES,INFANTIL_MASCULINO,seven-a-side_football,2025/2026,LIGA
8946,46_JUEGOS_DEPORTIVOS_MUNICIPALES,SENIOR_MASCULINO,seven-a-side_football,2025/2026,LIGA
8942,46_JUEGOS_DEPORTIVOS_MUNICIPALES,BENJAMIN_MIXTO,VOLEIBOL,2025/2026,LIGA
8956,46_JUEGOS_DEPORTIVOS_MUNICIPALES,CADETE_FEMENINO,basketball,2025/2026,LIGA
8950,46_JUEGOS_DEPORTIVOS_MUNICIPALES,INFANTIL_MASCULINO,basketball,2025/2026,LIGA
8951,46_JUEGOS_DEPORTIVOS_MUNICIPALES,SENIOR_MASCULINO,basketball,2025/2026,LIGA
8948,46_JUEGOS_DEPORTIVOS_MUNICIPALES,SENIOR_MASCULINO,futsal,2025/2026,LIGA
8951,46_JUEGOS_DEPORTIVOS_MUNICIPALES,SENIOR_FEMENINO,basketball,2025/2026,LIGA
8949,46_JUEGOS_DEPORTIVOS_MUNICIPALES,BENJAMIN_MIXTO,futsal,2025/2026,LIGA
8952,46_JUEGOS_DEPORTIVOS_MUNICIPALES,ALEVIN_MIXTO,MINIBALONCESTO,2025/2026,LIGA
8952,46_JUEGOS_DEPORTIVOS_MUNICIPALES,BENJAMIN_MIXTO,MINIBALONCESTO,2025/2026,LIGA
8948,46_JUEGOS_DEPORTIVOS_MUNICIPALES,INFANTIL_MIXTO,VOLEIBOL,2025/2026,LIGA
8948,46_JUEGOS_DEPORTIVOS_MUNICIPALES,CADETE_MIXTO,VOLEIBOL,2025/2026,LIGA
8953,46_JUEGOS_DEPORTIVOS_MUNICIPALES,SENIOR_MASCULINO,basketball,2025/2026,LIGA
8946,46_JUEGOS_DEPORTIVOS_MUNICIPALES,SENIOR_MASCULINO,FUTBOL_11,2025/2026,LIGA
8943,46_JUEGOS_DEPORTIVOS_MUNICIPALES,JUVENIL_MASCULINO,futsal,2025/2026,LIGA
8943,46_JUEGOS_DEPORTIVOS_MUNICIPALES,CADETE_MASCULINO,futsal,2025/2026,LIGA
8943,46_JUEGOS_DEPORTIVOS_MUNICIPALES,INFANTIL_MASCULINO,futsal,2025/2026,LIGA
8943,46_JUEGOS_DEPORTIVOS_MUNICIPALES,SENIOR_MASCULINO,futsal,2025/2026,LIGA
8953,46_JUEGOS_DEPORTIVOS_MUNICIPALES,SENIOR_FEMENINO,basketball,2025/2026,LIGA
8951,46_JUEGOS_DEPORTIVOS_MUNICIPALES,SENIOR_MASCULINO,futsal,2025/2026,LIGA
8945,46_JUEGOS_DEPORTIVOS_MUNICIPALES,INFANTIL_MASCULINO,seven-a-side_football,2025/2026,LIGA
8940,46_JUEGOS_DEPORTIVOS_MUNICIPALES,BENJAMIN_MIXTO,MINIBALONCESTO,2025/2026,LIGA
8940,46_JUEGOS_DEPORTIVOS_MUNICIPALES,ALEVIN_MIXTO,MINIBALONCESTO,2025/2026,LIGA
8939,46_JUEGOS_DEPORTIVOS_MUNICIPALES,PREBENJAMIN_MIXTO,futsal,2025/2026,LIGA
8979,46_JUEGOS_DEPORTIVOS_MUNICIPALES,ALEVIN_MIXTO,baseball,2025/2026,LIGA
8955,46_JUEGOS_DEPORTIVOS_MUNICIPALES,ALEVIN_MIXTO,MINIBALONCESTO,2025/2026,LIGA
8941,46_JUEGOS_DEPORTIVOS_MUNICIPALES,CADETE_FEMENINO,VOLEIBOL,2025/2026,LIGA
8941,46_JUEGOS_DEPORTIVOS_MUNICIPALES,ALEVIN_MIXTO,VOLEIBOL,2025/2026,LIGA
8953,46_JUEGOS_DEPORTIVOS_MUNICIPALES,SENIOR_FEMENINO,futsal,2025/2026,LIGA
8948,46_JUEGOS_DEPORTIVOS_MUNICIPALES,ALEVIN_FEMENINO,MINIBALONCESTO,2025/2026,LIGA
8948,46_JUEGOS_DEPORTIVOS_MUNICIPALES,INFANTIL_FEMENINO,basketball,2025/2026,LIGA
8947,46_JUEGOS_DEPORTIVOS_MUNICIPALES,SENIOR_FEMENINO,futsal,2025/2026,LIGA
8947,46_JUEGOS_DEPORTIVOS_MUNICIPALES,ALEVIN_MIXTO,futsal,2025/2026,LIGA
8947,46_JUEGOS_DEPORTIVOS_MUNICIPALES,BENJAMIN_MIXTO,futsal,2025/2026,LIGA
8948,46_JUEGOS_DEPORTIVOS_MUNICIPALES,INFANTIL_MASCULINO,basketball,2025/2026,LIGA
8957,46_JUEGOS_DEPORTIVOS_MUNICIPALES,CADETE_FEMENINO,VOLEIBOL,2025/2026,LIGA
8957,46_JUEGOS_DEPORTIVOS_MUNICIPALES,JUVENIL_FEMENINO,VOLEIBOL,2025/2026,LIGA
8957,46_JUEGOS_DEPORTIVOS_MUNICIPALES,ALEVIN_MIXTO,VOLEIBOL,2025/2026,LIGA
8949,46_JUEGOS_DEPORTIVOS_MUNICIPALES,PREBENJAMIN_MIXTO,seven-a-side_football,2025/2026,LIGA
8949,46_JUEGOS_DEPORTIVOS_MUNICIPALES,ALEVIN_MIXTO,seven-a-side_football,2025/2026,LIGA
8949,46_JUEGOS_DEPORTIVOS_MUNICIPALES,INFANTIL_FEMENINO,VOLEIBOL,2025/2026,LIGA
8949,46_JUEGOS_DEPORTIVOS_MUNICIPALES,JUVENIL_FEMENINO,VOLEIBOL,2025/2026,LIGA
8949,46_JUEGOS_DEPORTIVOS_MUNICIPALES,CADETE_FEMENINO,VOLEIBOL,2025/2026,LIGA
8949,46_JUEGOS_DEPORTIVOS_MUNICIPALES,SENIOR_FEMENINO,VOLEIBOL,2025/2026,LIGA
8956,46_JUEGOS_DEPORTIVOS_MUNICIPALES,ALEVIN_MIXTO,futsal,2025/2026,LIGA
8941,46_JUEGOS_DEPORTIVOS_MUNICIPALES,ALEVIN_MIXTO,MINIBALONCESTO,2025/2026,LIGA
8941,46_JUEGOS_DEPORTIVOS_MUNICIPALES,BENJAMIN_MIXTO,MINIBALONCESTO,2025/2026,LIGA
8941,46_JUEGOS_DEPORTIVOS_MUNICIPALES,SENIOR_MASCULINO,basketball,2025/2026,LIGA
8954,46_JUEGOS_DEPORTIVOS_MUNICIPALES,SENIOR_MASCULINO,seven-a-side_football,2025/2026,LIGA
8948,46_JUEGOS_DEPORTIVOS_MUNICIPALES,SENIOR_FEMENINO,VOLEIBOL,2025/2026,LIGA
8951,46_JUEGOS_DEPORTIVOS_MUNICIPALES,PREBENJAMIN_MIXTO,seven-a-side_football,2025/2026,LIGA
8951,46_JUEGOS_DEPORTIVOS_MUNICIPALES,SENIOR_MASCULINO,FUTBOL_11,2025/2026,LIGA
8951,46_JUEGOS_DEPORTIVOS_MUNICIPALES,INFANTIL_MASCULINO,seven-a-side_football,2025/2026,LIGA
8951,46_JUEGOS_DEPORTIVOS_MUNICIPALES,SENIOR_MASCULINO,seven-a-side_football,2025/2026,LIGA
8951,46_JUEGOS_DEPORTIVOS_MUNICIPALES,ALEVIN_MIXTO,seven-a-side_football,2025/2026,LIGA
8951,46_JUEGOS_DEPORTIVOS_MUNICIPALES,CADETE_MASCULINO,seven-a-side_football,2025/2026,LIGA
8940,46_JUEGOS_DEPORTIVOS_MUNICIPALES,PREBENJAMIN_MIXTO,futsal,2025/2026,LIGA
8946,46_JUEGOS_DEPORTIVOS_MUNICIPALES,ALEVIN_FEMENINO,seven-a-side_football,2025/2026,LIGA
8949,46_JUEGOS_DEPORTIVOS_MUNICIPALES,ALEVIN_MIXTO,VOLEIBOL,2025/2026,LIGA
8951,46_JUEGOS_DEPORTIVOS_MUNICIPALES,JUVENIL_MASCULINO,seven-a-side_football,2025/2026,LIGA
8949,46_JUEGOS_DEPORTIVOS_MUNICIPALES,INFANTIL_MASCULINO,basketball,2025/2026,LIGA
8949,46_JUEGOS_DEPORTIVOS_MUNICIPALES,SENIOR_MASCULINO,basketball,2025/2026,LIGA
8957,46_JUEGOS_DEPORTIVOS_MUNICIPALES,INFANTIL_FEMENINO,VOLEIBOL,2025/2026,LIGA
8953,46_JUEGOS_DEPORTIVOS_MUNICIPALES,SENIOR_MASCULINO,seven-a-side_football,2025/2026,LIGA
8939,46_JUEGOS_DEPORTIVOS_MUNICIPALES,ALEVIN_FEMENINO,futsal,2025/2026,LIGA
8939,46_JUEGOS_DEPORTIVOS_MUNICIPALES,CADETE_FEMENINO,futsal,2025/2026,LIGA
8945,46_JUEGOS_DEPORTIVOS_MUNICIPALES,CADETE_FEMENINO,basketball,2025/2026,LIGA
8945,46_JUEGOS_DEPORTIVOS_MUNICIPALES,ALEVIN_MIXTO,MINIBALONCESTO,2025/2026,LIGA
8945,46_JUEGOS_DEPORTIVOS_MUNICIPALES,BENJAMIN_MIXTO,MINIBALONCESTO,2025/2026,LIGA
8945,46_JUEGOS_DEPORTIVOS_MUNICIPALES,SENIOR_MASCULINO,basketball,2025/2026,LIGA
8945,46_JUEGOS_DEPORTIVOS_MUNICIPALES,SENIOR_FEMENINO,basketball,2025/2026,LIGA
8944,46_JUEGOS_DEPORTIVOS_MUNICIPALES,BENJAMIN_MIXTO,water_polo,2025/2026,LIGA
8944,46_JUEGOS_DEPORTIVOS_MUNICIPALES,ALEVIN_MIXTO,MINIBALONCESTO,2025/2026,LIGA
8955,46_JUEGOS_DEPORTIVOS_MUNICIPALES,BENJAMIN_MIXTO,futsal,2025/2026,LIGA
8938,46_JUEGOS_DEPORTIVOS_MUNICIPALES,BENJAMIN_MIXTO,VOLEIBOL,2025/2026,LIGA
8955,46_JUEGOS_DEPORTIVOS_MUNICIPALES,INFANTIL_FEMENINO,VOLEIBOL,2025/2026,LIGA
8955,46_JUEGOS_DEPORTIVOS_MUNICIPALES,CADETE_FEMENINO,VOLEIBOL,2025/2026,LIGA
8945,46_JUEGOS_DEPORTIVOS_MUNICIPALES,JUVENIL_FEMENINO,basketball,2025/2026,LIGA
8945,46_JUEGOS_DEPORTIVOS_MUNICIPALES,INFANTIL_FEMENINO,basketball,2025/2026,LIGA
8954,46_JUEGOS_DEPORTIVOS_MUNICIPALES,JUVENIL_FEMENINO,basketball,2025/2026,LIGA
8955,46_JUEGOS_DEPORTIVOS_MUNICIPALES,CADETE_MASCULINO,FUTBOL_11,2025/2026,LIGA
8956,46_JUEGOS_DEPORTIVOS_MUNICIPALES,INFANTIL_MASCULINO,futsal,2025/2026,LIGA
8949,46_JUEGOS_DEPORTIVOS_MUNICIPALES,BENJAMIN_MIXTO,MINIBALONCESTO,2025/2026,LIGA
8949,46_JUEGOS_DEPORTIVOS_MUNICIPALES,SENIOR_FEMENINO,basketball,2025/2026,LIGA
8956,46_JUEGOS_DEPORTIVOS_MUNICIPALES,CADETE_MASCULINO,basketball,2025/2026,LIGA
8941,46_JUEGOS_DEPORTIVOS_MUNICIPALES,INFANTIL_FEMENINO,VOLEIBOL,2025/2026,LIGA
8945,46_JUEGOS_DEPORTIVOS_MUNICIPALES,INFANTIL_MASCULINO,basketball,2025/2026,LIGA
8942,46_JUEGOS_DEPORTIVOS_MUNICIPALES,SENIOR_MASCULINO,seven-a-side_football,2025/2026,LIGA
8940,46_JUEGOS_DEPORTIVOS_MUNICIPALES,CADETE_MASCULINO,basketball,2025/2026,LIGA
8940,46_JUEGOS_DEPORTIVOS_MUNICIPALES,JUVENIL_MASCULINO,futsal,2025/2026,LIGA
8939,46_JUEGOS_DEPORTIVOS_MUNICIPALES,BENJAMIN_MIXTO,MINIBALONCESTO,2025/2026,LIGA
8946,46_JUEGOS_DEPORTIVOS_MUNICIPALES,SENIOR_FEMENINO,basketball,2025/2026,LIGA
8949,46_JUEGOS_DEPORTIVOS_MUNICIPALES,CADETE_MASCULINO,FUTBOL_11,2025/2026,LIGA
